,waist,hips,bra size,bust,height,size,body-shape,Dress-Style
0,29.0,38.0,34.0,36,5.06,7,Rectangle,"A-line skirts, ruffled and layered tops, Sleeveless, strapless dresses"
1,30.0,40.0,36.0,36,5.07,8,Hourglass,"V or plunge V and sweetheart necklines, with a belt,body-hugging dresses"
2,27.0,38.0,32.0,34,5.04,4,Hourglass,"V or plunge V and sweetheart necklines, with a belt,body-hugging dresses"
3,27.0,34.0,34.0,38,4.11,8,Triangle,"ruffled tops or  deep-V, scoop or boat neck dresses Wide-legged pants "
4,33.0,36.0,38.0,38,5.03,12,Rectangle,"A-line skirts, ruffled and layered tops, Sleeveless, strapless dresses"
5,49.0,51.0,42.0,51,5.06,32,Rectangle,"A-line skirts, ruffled and layered tops, Sleeveless, strapless dresses"
6,31.0,41.0,34.0,36,5.06,8,Hourglass,"V or plunge V and sweetheart necklines, with a belt,body-hugging dresses"
7,26.0,34.0,32.0,32,5.09,4,Rectangle,"A-line skirts, ruffled and layered tops, Sleeveless, strapless dresses"
8,37.0,46.0,36.0,43,5.07,15,Rectangle,"A-line skirts, ruffled and layered tops, Sleeveless, strapless dresses"
9,32.0,43.0,38.0,39,5.06,12,Hourglass,"V or plunge V and sweetheart necklines, with a belt,body-hugging dresses"
10,29.0,38.0,34.0,36,5.04,4,Rectangle,"A-line skirts, ruffled and layered tops, Sleeveless, strapless dresses"
11,28.0,38.0,32.0,34,5.02,5,Hourglass,"V or plunge V and sweetheart necklines, with a belt,body-hugging dresses"
12,36.0,45.0,38.0,42,5.07,15,Rectangle,"A-line skirts, ruffled and layered tops, Sleeveless, strapless dresses"
13,30.0,36.0,34.0,39,5.0,8,,
14,29.0,38.0,34.0,37,5.03,8,Rectangle,"A-line skirts, ruffled and layered tops, Sleeveless, strapless dresses"
15,34.0,42.0,36.0,42,5.08,15,Rectangle,"A-line skirts, ruffled and layered tops, Sleeveless, strapless dresses"
16,27.0,39.0,38.0,37,5.08,12,Hourglass,"V or plunge V and sweetheart necklines, with a belt,body-hugging dresses"
17,28.0,34.0,32.0,32,5.0,4,Rectangle,"A-line skirts, ruffled and layered tops, Sleeveless, strapless dresses"
18,26.0,31.0,32.0,32,5.04,4,Rectangle,"A-line skirts, ruffled and layered tops, Sleeveless, strapless dresses"
19,38.0,37.0,34.0,37,5.01,8,Rectangle,"A-line skirts, ruffled and layered tops, Sleeveless, strapless dresses"
20,30.0,42.0,30.0,36,5.02,8,Hourglass,"V or plunge V and sweetheart necklines, with a belt,body-hugging dresses"
21,28.0,36.0,36.0,36,5.04,12,Rectangle,"A-line skirts, ruffled and layered tops, Sleeveless, strapless dresses"
22,27.0,38.0,34.0,34,5.09,4,Hourglass,"V or plunge V and sweetheart necklines, with a belt,body-hugging dresses"
23,29.0,41.0,32.0,34,5.1,8,Hourglass,"V or plunge V and sweetheart necklines, with a belt,body-hugging dresses"
24,29.0,39.0,34.0,34,5.04,8,Hourglass,"V or plunge V and sweetheart necklines, with a belt,body-hugging dresses"
25,28.0,34.0,34.0,33,5.06,4,Rectangle,"A-line skirts, ruffled and layered tops, Sleeveless, strapless dresses"
26,34.0,46.0,38.0,43,5.07,18,Hourglass,"V or plunge V and sweetheart necklines, with a belt,body-hugging dresses"
27,24.0,30.0,32.0,32,5.02,3,Rectangle,"A-line skirts, ruffled and layered tops, Sleeveless, strapless dresses"
28,28.0,37.0,32.0,34,5.03,4,Rectangle,"A-line skirts, ruffled and layered tops, Sleeveless, strapless dresses"
29,26.0,32.0,30.0,33,5.02,4,Rectangle,"A-line skirts, ruffled and layered tops, Sleeveless, strapless dresses"
30,28.0,30.0,34.0,36,5.5,12,Triangle,"ruffled tops or  deep-V, scoop or boat neck dresses Wide-legged pants "
31,33.0,42.0,34.0,38,5.07,12,,
32,38.0,47.0,38.0,46,5.07,26,Rectangle,"A-line skirts, ruffled and layered tops, Sleeveless, strapless dresses"
33,28.0,37.0,36.0,35,5.03,8,Rectangle,"A-line skirts, ruffled and layered tops, Sleeveless, strapless dresses"
34,32.0,48.0,36.0,39,5.02,15,Hourglass,"V or plunge V and sweetheart necklines, with a belt,body-hugging dresses"
35,29.0,41.0,32.0,34,5.1,12,Hourglass,"V or plunge V and sweetheart necklines, with a belt,body-hugging dresses"
36,32.0,39.0,36.0,36,5.03,12,Rectangle,"A-line skirts, ruffled and layered tops, Sleeveless, strapless dresses"
37,31.0,42.0,36.0,38,5.11,12,Hourglass,"V or plunge V and sweetheart necklines, with a belt,body-hugging dresses"
38,34.0,42.0,38.0,42,5.02,15,Rectangle,"A-line skirts, ruffled and layered tops, Sleeveless, strapless dresses"
39,27.0,37.0,34.0,34,5.02,8,Hourglass,"V or plunge V and sweetheart necklines, with a belt,body-hugging dresses"
40,29.0,38.0,34.0,36,5.08,8,Rectangle,"A-line skirts, ruffled and layered tops, Sleeveless, strapless dresses"
41,30.0,41.0,34.0,36,5.04,8,Hourglass,"V or plunge V and sweetheart necklines, with a belt,body-hugging dresses"
42,37.0,44.0,38.0,42,5.02,15,Rectangle,"A-line skirts, ruffled and layered tops, Sleeveless, strapless dresses"
43,26.0,38.0,32.0,34,5.1,8,Hourglass,"V or plunge V and sweetheart necklines, with a belt,body-hugging dresses"
44,32.0,48.0,36.0,39,5.02,15,Hourglass,"V or plunge V and sweetheart necklines, with a belt,body-hugging dresses"
45,28.0,38.0,34.0,36,5.07,12,Hourglass,"V or plunge V and sweetheart necklines, with a belt,body-hugging dresses"
46,37.0,46.0,36.0,42,5.07,18,,
47,28.0,36.0,34.0,34,5.02,7,Rectangle,"A-line skirts, ruffled and layered tops, Sleeveless, strapless dresses"
48,31.0,42.0,32.0,37,5.11,15,Hourglass,"V or plunge V and sweetheart necklines, with a belt,body-hugging dresses"
49,36.0,49.0,36.0,46,5.5,15,Hourglass,"V or plunge V and sweetheart necklines, with a belt,body-hugging dresses"
50,25.0,36.0,32.0,32,5.5,4,Hourglass,"V or plunge V and sweetheart necklines, with a belt,body-hugging dresses"
51,22.0,33.0,28.0,32,5.02,1,Hourglass,"V or plunge V and sweetheart necklines, with a belt,body-hugging dresses"
52,30.0,39.0,36.0,36,5.03,8,Rectangle,"A-line skirts, ruffled and layered tops, Sleeveless, strapless dresses"
53,27.0,37.0,34.0,34,5.02,4,Hourglass,"V or plunge V and sweetheart necklines, with a belt,body-hugging dresses"
54,35.0,46.0,38.0,40,5.5,18,Hourglass,"V or plunge V and sweetheart necklines, with a belt,body-hugging dresses"
55,31.0,41.0,36.0,38,5.04,13,Hourglass,"V or plunge V and sweetheart necklines, with a belt,body-hugging dresses"
56,42.0,47.0,38.0,46,5.04,33,Rectangle,"A-line skirts, ruffled and layered tops, Sleeveless, strapless dresses"
57,34.0,40.0,38.0,38,5.5,12,Rectangle,"A-line skirts, ruffled and layered tops, Sleeveless, strapless dresses"
58,32.0,42.0,36.0,41,5.07,12,Hourglass,"V or plunge V and sweetheart necklines, with a belt,body-hugging dresses"
59,28.0,34.0,32.0,34,5.02,4,Rectangle,"A-line skirts, ruffled and layered tops, Sleeveless, strapless dresses"
60,28.0,36.0,34.0,34,5.02,8,Rectangle,"A-line skirts, ruffled and layered tops, Sleeveless, strapless dresses"
61,31.0,43.0,38.0,38,5.5,12,Hourglass,"V or plunge V and sweetheart necklines, with a belt,body-hugging dresses"
62,25.0,35.0,32.0,34,5.09,4,Hourglass,"V or plunge V and sweetheart necklines, with a belt,body-hugging dresses"
63,34.0,43.0,38.0,41,5.08,12,Rectangle,"A-line skirts, ruffled and layered tops, Sleeveless, strapless dresses"
64,25.0,35.0,32.0,32,5.03,4,Hourglass,"V or plunge V and sweetheart necklines, with a belt,body-hugging dresses"
65,25.0,38.0,32.0,34,5.06,4,Hourglass,"V or plunge V and sweetheart necklines, with a belt,body-hugging dresses"
66,27.0,37.0,32.0,36,5.08,4,Hourglass,"V or plunge V and sweetheart necklines, with a belt,body-hugging dresses"
67,34.0,42.0,32.0,38,5.06,12,,
68,27.0,35.0,32.0,32,5.0,8,Rectangle,"A-line skirts, ruffled and layered tops, Sleeveless, strapless dresses"
69,31.0,35.0,34.0,34,5.04,4,Rectangle,"A-line skirts, ruffled and layered tops, Sleeveless, strapless dresses"
70,28.0,35.0,36.0,37,5.06,8,,
71,26.0,32.0,32.0,30,5.02,4,Rectangle,"A-line skirts, ruffled and layered tops, Sleeveless, strapless dresses"
72,32.0,48.0,36.0,39,5.02,20,Hourglass,"V or plunge V and sweetheart necklines, with a belt,body-hugging dresses"
73,30.0,40.0,34.0,37,5.09,12,Hourglass,"V or plunge V and sweetheart necklines, with a belt,body-hugging dresses"
74,25.0,36.0,34.0,34,5.04,12,Hourglass,"V or plunge V and sweetheart necklines, with a belt,body-hugging dresses"
75,34.0,48.0,38.0,42,4.11,26,Hourglass,"V or plunge V and sweetheart necklines, with a belt,body-hugging dresses"
76,28.0,36.0,34.0,34,5.07,4,Rectangle,"A-line skirts, ruffled and layered tops, Sleeveless, strapless dresses"
77,28.0,37.0,32.0,34,5.09,4,Rectangle,"A-line skirts, ruffled and layered tops, Sleeveless, strapless dresses"
78,30.0,43.0,36.0,37,5.06,12,Hourglass,"V or plunge V and sweetheart necklines, with a belt,body-hugging dresses"
79,27.0,36.0,34.0,33,5.5,4,Rectangle,"A-line skirts, ruffled and layered tops, Sleeveless, strapless dresses"
80,27.0,37.0,36.0,33,5.07,8,Hourglass,"V or plunge V and sweetheart necklines, with a belt,body-hugging dresses"
81,28.0,41.0,36.0,36,5.01,12,Hourglass,"V or plunge V and sweetheart necklines, with a belt,body-hugging dresses"
82,28.0,37.0,34.0,36,5.06,8,Rectangle,"A-line skirts, ruffled and layered tops, Sleeveless, strapless dresses"
83,29.0,37.0,34.0,33,5.08,8,,
84,29.0,38.0,36.0,36,5.07,8,Rectangle,"A-line skirts, ruffled and layered tops, Sleeveless, strapless dresses"
85,28.0,40.0,38.0,38,5.03,8,Hourglass,"V or plunge V and sweetheart necklines, with a belt,body-hugging dresses"
86,40.0,55.0,44.0,50,5.02,32,Hourglass,"V or plunge V and sweetheart necklines, with a belt,body-hugging dresses"
87,31.0,44.0,36.0,36,4.1,11,Hourglass,"V or plunge V and sweetheart necklines, with a belt,body-hugging dresses"
88,42.0,45.0,38.0,42,5.09,15,Rectangle,"A-line skirts, ruffled and layered tops, Sleeveless, strapless dresses"
89,27.0,37.0,34.0,34,5.07,4,Hourglass,"V or plunge V and sweetheart necklines, with a belt,body-hugging dresses"
90,32.0,40.0,38.0,44,5.07,20,Triangle,"ruffled tops or  deep-V, scoop or boat neck dresses Wide-legged pants "
91,29.0,39.0,34.0,39,5.06,8,Hourglass,"V or plunge V and sweetheart necklines, with a belt,body-hugging dresses"
92,45.0,54.0,42.0,51,5.06,32,Rectangle,"A-line skirts, ruffled and layered tops, Sleeveless, strapless dresses"
93,29.0,42.0,36.0,37,5.04,4,Hourglass,"V or plunge V and sweetheart necklines, with a belt,body-hugging dresses"
94,26.0,34.0,32.0,34,5.06,4,Rectangle,"A-line skirts, ruffled and layered tops, Sleeveless, strapless dresses"
95,38.0,52.0,42.0,44,5.06,26,Hourglass,"V or plunge V and sweetheart necklines, with a belt,body-hugging dresses"
96,28.0,36.0,32.0,36,5.02,8,Rectangle,"A-line skirts, ruffled and layered tops, Sleeveless, strapless dresses"
97,40.0,55.0,36.0,45,5.07,20,Hourglass,"V or plunge V and sweetheart necklines, with a belt,body-hugging dresses"
98,29.0,39.0,36.0,36,5.5,8,Hourglass,"V or plunge V and sweetheart necklines, with a belt,body-hugging dresses"
99,32.0,37.0,32.0,32,5.04,4,,
100,31.0,40.0,38.0,38,5.03,12,Rectangle,"A-line skirts, ruffled and layered tops, Sleeveless, strapless dresses"
101,28.0,38.0,34.0,34,5.02,8,Hourglass,"V or plunge V and sweetheart necklines, with a belt,body-hugging dresses"
102,27.0,34.0,34.0,33,5.0,4,Rectangle,"A-line skirts, ruffled and layered tops, Sleeveless, strapless dresses"
103,26.0,38.0,34.0,34,5.03,4,Hourglass,"V or plunge V and sweetheart necklines, with a belt,body-hugging dresses"
104,27.0,34.0,34.0,33,5.0,4,Rectangle,"A-line skirts, ruffled and layered tops, Sleeveless, strapless dresses"
105,30.0,41.0,38.0,38,5.07,9,Hourglass,"V or plunge V and sweetheart necklines, with a belt,body-hugging dresses"
106,28.0,36.0,34.0,35,5.1,8,Rectangle,"A-line skirts, ruffled and layered tops, Sleeveless, strapless dresses"
107,28.0,36.0,34.0,35,5.1,8,Rectangle,"A-line skirts, ruffled and layered tops, Sleeveless, strapless dresses"
108,30.0,38.0,36.0,36,5.06,8,Rectangle,"A-line skirts, ruffled and layered tops, Sleeveless, strapless dresses"
109,28.0,38.0,34.0,34,5.02,8,Hourglass,"V or plunge V and sweetheart necklines, with a belt,body-hugging dresses"
110,26.0,34.0,32.0,32,5.03,4,Rectangle,"A-line skirts, ruffled and layered tops, Sleeveless, strapless dresses"
111,28.0,38.0,34.0,34,5.02,4,Hourglass,"V or plunge V and sweetheart necklines, with a belt,body-hugging dresses"
112,29.0,39.0,36.0,36,5.5,8,Hourglass,"V or plunge V and sweetheart necklines, with a belt,body-hugging dresses"
113,24.0,34.0,32.0,32,5.0,4,Hourglass,"V or plunge V and sweetheart necklines, with a belt,body-hugging dresses"
114,25.0,35.0,32.0,32,5.5,4,Hourglass,"V or plunge V and sweetheart necklines, with a belt,body-hugging dresses"
115,28.0,38.0,34.0,34,5.02,8,Hourglass,"V or plunge V and sweetheart necklines, with a belt,body-hugging dresses"
116,27.0,37.0,36.0,35,5.09,7,Hourglass,"V or plunge V and sweetheart necklines, with a belt,body-hugging dresses"
117,27.0,34.0,34.0,33,5.0,4,Rectangle,"A-line skirts, ruffled and layered tops, Sleeveless, strapless dresses"
118,35.0,45.0,38.0,45,5.07,26,Hourglass,"V or plunge V and sweetheart necklines, with a belt,body-hugging dresses"
119,28.0,36.0,32.0,35,5.08,8,Rectangle,"A-line skirts, ruffled and layered tops, Sleeveless, strapless dresses"
120,31.0,44.0,38.0,38,5.1,12,Hourglass,"V or plunge V and sweetheart necklines, with a belt,body-hugging dresses"
121,30.0,37.0,38.0,39,5.1,12,,
122,29.0,38.0,34.0,36,5.06,8,Rectangle,"A-line skirts, ruffled and layered tops, Sleeveless, strapless dresses"
123,30.0,40.0,36.0,37,5.5,8,Hourglass,"V or plunge V and sweetheart necklines, with a belt,body-hugging dresses"
124,30.0,38.0,36.0,36,5.06,8,Rectangle,"A-line skirts, ruffled and layered tops, Sleeveless, strapless dresses"
125,33.0,41.0,36.0,37,5.04,12,,
126,26.0,40.0,34.0,36,5.04,4,Hourglass,"V or plunge V and sweetheart necklines, with a belt,body-hugging dresses"
127,36.0,42.0,38.0,44,5.03,15,Rectangle,"A-line skirts, ruffled and layered tops, Sleeveless, strapless dresses"
128,41.0,52.0,38.0,50,5.07,26,Hourglass,"V or plunge V and sweetheart necklines, with a belt,body-hugging dresses"
129,32.0,40.0,36.0,38,5.09,15,Rectangle,"A-line skirts, ruffled and layered tops, Sleeveless, strapless dresses"
130,30.0,36.0,34.0,36,5.0,4,Rectangle,"A-line skirts, ruffled and layered tops, Sleeveless, strapless dresses"
131,34.0,40.0,38.0,38,5.5,12,Rectangle,"A-line skirts, ruffled and layered tops, Sleeveless, strapless dresses"
132,29.0,38.0,32.0,35,5.04,4,Rectangle,"A-line skirts, ruffled and layered tops, Sleeveless, strapless dresses"
133,31.0,42.0,34.0,39,5.04,12,Hourglass,"V or plunge V and sweetheart necklines, with a belt,body-hugging dresses"
134,27.0,34.0,34.0,33,5.0,4,Rectangle,"A-line skirts, ruffled and layered tops, Sleeveless, strapless dresses"
135,29.0,40.0,34.0,36,5.5,8,Hourglass,"V or plunge V and sweetheart necklines, with a belt,body-hugging dresses"
136,27.0,36.0,32.0,31,5.07,1,,
137,44.0,47.0,40.0,48,5.01,26,Rectangle,"A-line skirts, ruffled and layered tops, Sleeveless, strapless dresses"
138,24.0,36.0,32.0,32,5.5,1,Hourglass,"V or plunge V and sweetheart necklines, with a belt,body-hugging dresses"
139,26.0,36.0,32.0,33,5.07,4,Hourglass,"V or plunge V and sweetheart necklines, with a belt,body-hugging dresses"
140,26.0,40.0,34.0,36,5.04,4,Hourglass,"V or plunge V and sweetheart necklines, with a belt,body-hugging dresses"
141,27.0,37.0,34.0,34,5.01,7,Hourglass,"V or plunge V and sweetheart necklines, with a belt,body-hugging dresses"
142,38.0,50.0,40.0,40,5.09,20,Hourglass,"V or plunge V and sweetheart necklines, with a belt,body-hugging dresses"
143,28.0,39.0,34.0,34,5.06,8,Hourglass,"V or plunge V and sweetheart necklines, with a belt,body-hugging dresses"
144,32.0,41.0,32.0,39,5.07,12,Rectangle,"A-line skirts, ruffled and layered tops, Sleeveless, strapless dresses"
145,26.0,36.0,30.0,32,5.5,4,Hourglass,"V or plunge V and sweetheart necklines, with a belt,body-hugging dresses"
146,29.0,38.0,36.0,37,5.02,8,Rectangle,"A-line skirts, ruffled and layered tops, Sleeveless, strapless dresses"
147,31.0,41.0,36.0,38,5.08,12,Hourglass,"V or plunge V and sweetheart necklines, with a belt,body-hugging dresses"
148,32.0,38.0,34.0,41,5.5,12,,
149,29.0,37.0,34.0,34,5.03,8,Rectangle,"A-line skirts, ruffled and layered tops, Sleeveless, strapless dresses"
150,29.0,39.0,38.0,37,5.5,8,Hourglass,"V or plunge V and sweetheart necklines, with a belt,body-hugging dresses"
151,30.0,40.0,34.0,33,5.03,4,Hourglass,"V or plunge V and sweetheart necklines, with a belt,body-hugging dresses"
152,38.0,52.0,36.0,47,5.01,26,Hourglass,"V or plunge V and sweetheart necklines, with a belt,body-hugging dresses"
153,27.0,34.0,34.0,33,5.0,4,Rectangle,"A-line skirts, ruffled and layered tops, Sleeveless, strapless dresses"
154,26.0,40.0,34.0,36,5.04,8,Hourglass,"V or plunge V and sweetheart necklines, with a belt,body-hugging dresses"
155,27.0,36.0,34.0,35,5.03,8,Rectangle,"A-line skirts, ruffled and layered tops, Sleeveless, strapless dresses"
156,28.0,35.0,34.0,36,5.08,12,Rectangle,"A-line skirts, ruffled and layered tops, Sleeveless, strapless dresses"
157,32.0,38.0,36.0,40,5.02,12,Rectangle,"A-line skirts, ruffled and layered tops, Sleeveless, strapless dresses"
158,27.0,37.0,32.0,33,5.01,8,Hourglass,"V or plunge V and sweetheart necklines, with a belt,body-hugging dresses"
159,29.0,38.0,36.0,36,5.07,12,Rectangle,"A-line skirts, ruffled and layered tops, Sleeveless, strapless dresses"
160,28.0,40.0,32.0,37,5.02,12,Hourglass,"V or plunge V and sweetheart necklines, with a belt,body-hugging dresses"
161,28.0,36.0,36.0,36,5.04,12,Rectangle,"A-line skirts, ruffled and layered tops, Sleeveless, strapless dresses"
162,29.0,36.0,34.0,34,5.06,12,Rectangle,"A-line skirts, ruffled and layered tops, Sleeveless, strapless dresses"
163,29.0,40.0,32.0,38,5.5,12,Hourglass,"V or plunge V and sweetheart necklines, with a belt,body-hugging dresses"
164,29.0,37.0,34.0,34,5.03,8,Rectangle,"A-line skirts, ruffled and layered tops, Sleeveless, strapless dresses"
165,40.0,50.0,38.0,44,5.06,20,Hourglass,"V or plunge V and sweetheart necklines, with a belt,body-hugging dresses"
166,33.0,42.0,38.0,38,5.04,12,,
167,29.0,38.0,34.0,36,5.06,8,Rectangle,"A-line skirts, ruffled and layered tops, Sleeveless, strapless dresses"
168,29.0,38.0,34.0,36,5.04,7,Rectangle,"A-line skirts, ruffled and layered tops, Sleeveless, strapless dresses"
169,30.0,40.0,34.0,37,5.09,8,Hourglass,"V or plunge V and sweetheart necklines, with a belt,body-hugging dresses"
170,28.0,36.0,32.0,35,5.08,4,Rectangle,"A-line skirts, ruffled and layered tops, Sleeveless, strapless dresses"
171,27.0,37.0,32.0,36,5.08,1,Hourglass,"V or plunge V and sweetheart necklines, with a belt,body-hugging dresses"
172,28.0,37.0,34.0,34,5.04,8,Rectangle,"A-line skirts, ruffled and layered tops, Sleeveless, strapless dresses"
173,25.0,35.0,32.0,32,5.5,1,Hourglass,"V or plunge V and sweetheart necklines, with a belt,body-hugging dresses"
174,25.0,35.0,32.0,34,5.09,1,Hourglass,"V or plunge V and sweetheart necklines, with a belt,body-hugging dresses"
175,25.0,34.0,30.0,32,5.04,1,Rectangle,"A-line skirts, ruffled and layered tops, Sleeveless, strapless dresses"
176,28.0,36.0,32.0,35,5.08,8,Rectangle,"A-line skirts, ruffled and layered tops, Sleeveless, strapless dresses"
177,31.0,39.0,36.0,35,5.02,8,,
178,35.0,41.0,36.0,40,5.0,15,Rectangle,"A-line skirts, ruffled and layered tops, Sleeveless, strapless dresses"
179,30.0,42.0,34.0,37,5.06,8,Hourglass,"V or plunge V and sweetheart necklines, with a belt,body-hugging dresses"
180,26.0,33.0,34.0,33,5.09,4,Rectangle,"A-line skirts, ruffled and layered tops, Sleeveless, strapless dresses"
181,32.0,43.0,38.0,38,5.06,15,Hourglass,"V or plunge V and sweetheart necklines, with a belt,body-hugging dresses"
182,34.0,41.0,36.0,36,5.09,12,,
183,38.0,47.0,40.0,46,5.06,15,Rectangle,"A-line skirts, ruffled and layered tops, Sleeveless, strapless dresses"
184,31.0,41.0,36.0,36,5.03,12,Hourglass,"V or plunge V and sweetheart necklines, with a belt,body-hugging dresses"
185,25.0,34.0,30.0,32,5.04,1,Rectangle,"A-line skirts, ruffled and layered tops, Sleeveless, strapless dresses"
186,27.0,36.0,34.0,35,5.03,8,Rectangle,"A-line skirts, ruffled and layered tops, Sleeveless, strapless dresses"
187,28.0,44.0,32.0,37,5.08,8,Hourglass,"V or plunge V and sweetheart necklines, with a belt,body-hugging dresses"
188,29.0,36.0,34.0,36,5.5,8,Rectangle,"A-line skirts, ruffled and layered tops, Sleeveless, strapless dresses"
189,27.0,34.0,32.0,32,5.03,8,Rectangle,"A-line skirts, ruffled and layered tops, Sleeveless, strapless dresses"
190,35.0,45.0,38.0,45,5.07,15,Hourglass,"V or plunge V and sweetheart necklines, with a belt,body-hugging dresses"
191,27.0,37.0,32.0,36,5.08,4,Hourglass,"V or plunge V and sweetheart necklines, with a belt,body-hugging dresses"
192,28.0,40.0,36.0,38,5.5,12,Hourglass,"V or plunge V and sweetheart necklines, with a belt,body-hugging dresses"
193,36.0,45.0,38.0,42,5.07,12,Rectangle,"A-line skirts, ruffled and layered tops, Sleeveless, strapless dresses"
194,34.0,47.0,38.0,36,5.08,15,Hourglass,"V or plunge V and sweetheart necklines, with a belt,body-hugging dresses"
195,38.0,47.0,40.0,46,5.06,26,Rectangle,"A-line skirts, ruffled and layered tops, Sleeveless, strapless dresses"
196,41.0,48.0,42.0,42,5.5,20,,
197,25.0,34.0,30.0,32,5.04,3,Rectangle,"A-line skirts, ruffled and layered tops, Sleeveless, strapless dresses"
198,32.0,38.0,36.0,37,5.07,11,Rectangle,"A-line skirts, ruffled and layered tops, Sleeveless, strapless dresses"
199,36.0,47.0,40.0,40,5.06,15,Hourglass,"V or plunge V and sweetheart necklines, with a belt,body-hugging dresses"
200,36.0,44.0,36.0,41,5.03,15,Rectangle,"A-line skirts, ruffled and layered tops, Sleeveless, strapless dresses"
201,27.0,37.0,32.0,36,5.08,3,Hourglass,"V or plunge V and sweetheart necklines, with a belt,body-hugging dresses"
202,27.0,37.0,32.0,36,5.08,4,Hourglass,"V or plunge V and sweetheart necklines, with a belt,body-hugging dresses"
203,25.0,36.0,32.0,35,5.04,4,Hourglass,"V or plunge V and sweetheart necklines, with a belt,body-hugging dresses"
204,29.0,44.0,34.0,35,5.06,8,Hourglass,"V or plunge V and sweetheart necklines, with a belt,body-hugging dresses"
205,29.0,38.0,34.0,37,5.02,8,Rectangle,"A-line skirts, ruffled and layered tops, Sleeveless, strapless dresses"
206,31.0,40.0,36.0,37,5.5,8,Rectangle,"A-line skirts, ruffled and layered tops, Sleeveless, strapless dresses"
207,27.0,37.0,32.0,36,5.08,4,Hourglass,"V or plunge V and sweetheart necklines, with a belt,body-hugging dresses"
208,31.0,44.0,32.0,32,5.07,12,Hourglass,"V or plunge V and sweetheart necklines, with a belt,body-hugging dresses"
209,24.0,35.0,34.0,34,5.02,4,Hourglass,"V or plunge V and sweetheart necklines, with a belt,body-hugging dresses"
210,30.0,41.0,38.0,40,5.5,15,Hourglass,"V or plunge V and sweetheart necklines, with a belt,body-hugging dresses"
211,27.0,39.0,32.0,34,5.02,8,Hourglass,"V or plunge V and sweetheart necklines, with a belt,body-hugging dresses"
212,29.0,38.0,32.0,34,5.02,4,,
213,28.0,38.0,30.0,35,5.04,8,Hourglass,"V or plunge V and sweetheart necklines, with a belt,body-hugging dresses"
214,27.0,38.0,34.0,37,5.04,8,Hourglass,"V or plunge V and sweetheart necklines, with a belt,body-hugging dresses"
215,29.0,38.0,34.0,37,5.02,8,Rectangle,"A-line skirts, ruffled and layered tops, Sleeveless, strapless dresses"
216,29.0,38.0,36.0,37,5.02,8,Rectangle,"A-line skirts, ruffled and layered tops, Sleeveless, strapless dresses"
217,26.0,35.0,34.0,29,5.02,5,,
218,29.0,39.0,34.0,36,5.07,4,Hourglass,"V or plunge V and sweetheart necklines, with a belt,body-hugging dresses"
219,29.0,44.0,34.0,35,5.06,4,Hourglass,"V or plunge V and sweetheart necklines, with a belt,body-hugging dresses"
220,28.0,38.0,30.0,35,5.04,8,Hourglass,"V or plunge V and sweetheart necklines, with a belt,body-hugging dresses"
221,28.0,38.0,32.0,35,5.04,4,Hourglass,"V or plunge V and sweetheart necklines, with a belt,body-hugging dresses"
222,37.0,47.0,40.0,45,6.0,20,Hourglass,"V or plunge V and sweetheart necklines, with a belt,body-hugging dresses"
223,36.0,47.0,38.0,39,5.03,12,Hourglass,"V or plunge V and sweetheart necklines, with a belt,body-hugging dresses"
224,28.0,36.0,36.0,36,5.04,12,Rectangle,"A-line skirts, ruffled and layered tops, Sleeveless, strapless dresses"
225,30.0,39.0,36.0,36,5.07,8,Rectangle,"A-line skirts, ruffled and layered tops, Sleeveless, strapless dresses"
226,42.0,53.0,40.0,52,5.5,15,Hourglass,"V or plunge V and sweetheart necklines, with a belt,body-hugging dresses"
227,29.0,35.0,34.0,38,5.07,4,,
228,29.0,38.0,32.0,34,5.02,8,,
229,28.0,38.0,34.0,34,5.02,8,Hourglass,"V or plunge V and sweetheart necklines, with a belt,body-hugging dresses"
230,28.0,38.0,30.0,35,5.04,8,Hourglass,"V or plunge V and sweetheart necklines, with a belt,body-hugging dresses"
231,31.0,42.0,38.0,39,5.5,15,Hourglass,"V or plunge V and sweetheart necklines, with a belt,body-hugging dresses"
232,40.0,50.0,38.0,44,5.06,20,Hourglass,"V or plunge V and sweetheart necklines, with a belt,body-hugging dresses"
233,31.0,41.0,34.0,37,5.04,12,Hourglass,"V or plunge V and sweetheart necklines, with a belt,body-hugging dresses"
234,36.0,45.0,40.0,43,5.03,15,Rectangle,"A-line skirts, ruffled and layered tops, Sleeveless, strapless dresses"
235,34.0,43.0,36.0,40,5.03,15,Rectangle,"A-line skirts, ruffled and layered tops, Sleeveless, strapless dresses"
236,30.0,38.0,32.0,39,5.5,12,Hourglass,"V or plunge V and sweetheart necklines, with a belt,body-hugging dresses"
237,29.0,30.0,32.0,35,5.01,4,Triangle,"ruffled tops or  deep-V, scoop or boat neck dresses Wide-legged pants "
238,27.0,37.0,32.0,36,5.08,4,Hourglass,"V or plunge V and sweetheart necklines, with a belt,body-hugging dresses"
239,26.0,32.0,32.0,32,5.06,4,Rectangle,"A-line skirts, ruffled and layered tops, Sleeveless, strapless dresses"
240,26.0,36.0,32.0,34,5.06,8,Hourglass,"V or plunge V and sweetheart necklines, with a belt,body-hugging dresses"
241,28.0,36.0,34.0,35,5.1,8,Rectangle,"A-line skirts, ruffled and layered tops, Sleeveless, strapless dresses"
242,30.0,36.0,34.0,36,5.0,4,Rectangle,"A-line skirts, ruffled and layered tops, Sleeveless, strapless dresses"
243,31.0,39.0,36.0,35,5.02,8,,
244,26.0,40.0,34.0,36,5.04,4,Hourglass,"V or plunge V and sweetheart necklines, with a belt,body-hugging dresses"
245,29.0,39.0,32.0,34,5.06,8,Hourglass,"V or plunge V and sweetheart necklines, with a belt,body-hugging dresses"
246,37.0,43.0,38.0,43,5.08,12,Rectangle,"A-line skirts, ruffled and layered tops, Sleeveless, strapless dresses"
247,29.0,39.0,34.0,39,5.06,8,Hourglass,"V or plunge V and sweetheart necklines, with a belt,body-hugging dresses"
248,31.0,42.0,30.0,40,5.03,12,Hourglass,"V or plunge V and sweetheart necklines, with a belt,body-hugging dresses"
249,38.0,50.0,40.0,40,5.09,20,Hourglass,"V or plunge V and sweetheart necklines, with a belt,body-hugging dresses"
250,33.0,40.0,36.0,36,5.04,12,,
251,31.0,39.0,36.0,35,5.02,8,,
252,29.0,41.0,36.0,36,5.02,12,Hourglass,"V or plunge V and sweetheart necklines, with a belt,body-hugging dresses"
253,40.0,50.0,38.0,44,5.06,20,Hourglass,"V or plunge V and sweetheart necklines, with a belt,body-hugging dresses"
254,28.0,36.0,36.0,36,5.03,8,Rectangle,"A-line skirts, ruffled and layered tops, Sleeveless, strapless dresses"
255,33.0,45.0,36.0,38,5.5,8,Hourglass,"V or plunge V and sweetheart necklines, with a belt,body-hugging dresses"
256,40.0,47.0,36.0,45,5.04,26,Rectangle,"A-line skirts, ruffled and layered tops, Sleeveless, strapless dresses"
257,37.0,46.0,36.0,43,5.07,15,Rectangle,"A-line skirts, ruffled and layered tops, Sleeveless, strapless dresses"
258,37.0,45.0,38.0,47,5.0,26,,
259,30.0,36.0,34.0,39,5.0,8,,
260,24.0,32.0,28.0,30,5.08,1,Rectangle,"A-line skirts, ruffled and layered tops, Sleeveless, strapless dresses"
261,37.0,45.0,38.0,44,5.06,20,Rectangle,"A-line skirts, ruffled and layered tops, Sleeveless, strapless dresses"
262,33.0,40.0,36.0,36,5.04,12,,
263,27.0,37.0,32.0,36,5.08,4,Hourglass,"V or plunge V and sweetheart necklines, with a belt,body-hugging dresses"
264,28.0,36.0,34.0,35,5.06,8,Rectangle,"A-line skirts, ruffled and layered tops, Sleeveless, strapless dresses"
265,39.0,47.0,36.0,42,5.06,15,,
266,29.0,32.0,34.0,36,5.06,8,Triangle,"ruffled tops or  deep-V, scoop or boat neck dresses Wide-legged pants "
267,28.0,38.0,30.0,35,5.04,8,Hourglass,"V or plunge V and sweetheart necklines, with a belt,body-hugging dresses"
268,33.0,41.0,38.0,38,5.08,12,Rectangle,"A-line skirts, ruffled and layered tops, Sleeveless, strapless dresses"
269,38.0,51.0,42.0,48,5.08,32,Hourglass,"V or plunge V and sweetheart necklines, with a belt,body-hugging dresses"
270,27.0,35.0,32.0,33,5.02,1,Rectangle,"A-line skirts, ruffled and layered tops, Sleeveless, strapless dresses"
271,28.0,38.0,32.0,32,5.07,4,Hourglass,"V or plunge V and sweetheart necklines, with a belt,body-hugging dresses"
272,36.0,41.0,34.0,39,5.03,12,Rectangle,"A-line skirts, ruffled and layered tops, Sleeveless, strapless dresses"
273,34.0,42.0,38.0,42,5.09,15,Rectangle,"A-line skirts, ruffled and layered tops, Sleeveless, strapless dresses"
274,36.0,45.0,40.0,42,5.5,15,Rectangle,"A-line skirts, ruffled and layered tops, Sleeveless, strapless dresses"
275,32.0,44.0,36.0,39,5.06,15,Hourglass,"V or plunge V and sweetheart necklines, with a belt,body-hugging dresses"
276,26.0,37.0,32.0,32,5.02,4,Hourglass,"V or plunge V and sweetheart necklines, with a belt,body-hugging dresses"
277,29.0,39.0,36.0,34,5.04,8,Hourglass,"V or plunge V and sweetheart necklines, with a belt,body-hugging dresses"
278,34.0,43.0,36.0,40,5.03,15,Rectangle,"A-line skirts, ruffled and layered tops, Sleeveless, strapless dresses"
279,28.0,38.0,34.0,34,5.02,8,Hourglass,"V or plunge V and sweetheart necklines, with a belt,body-hugging dresses"
280,33.0,42.0,36.0,38,5.04,12,,
281,34.0,40.0,38.0,38,5.08,8,Rectangle,"A-line skirts, ruffled and layered tops, Sleeveless, strapless dresses"
282,45.0,54.0,44.0,52,5.5,32,Rectangle,"A-line skirts, ruffled and layered tops, Sleeveless, strapless dresses"
283,30.0,40.0,38.0,38,5.07,12,Hourglass,"V or plunge V and sweetheart necklines, with a belt,body-hugging dresses"
284,28.0,34.0,32.0,32,5.5,5,Rectangle,"A-line skirts, ruffled and layered tops, Sleeveless, strapless dresses"
285,32.0,39.0,36.0,35,5.02,8,,
286,28.0,38.0,34.0,37,5.03,8,Hourglass,"V or plunge V and sweetheart necklines, with a belt,body-hugging dresses"
287,32.0,37.0,32.0,32,5.04,4,,
288,31.0,36.0,32.0,32,5.01,8,,
289,32.0,45.0,34.0,38,5.03,11,Hourglass,"V or plunge V and sweetheart necklines, with a belt,body-hugging dresses"
290,25.0,36.0,32.0,32,4.11,5,Hourglass,"V or plunge V and sweetheart necklines, with a belt,body-hugging dresses"
291,29.0,42.0,32.0,36,5.08,7,Hourglass,"V or plunge V and sweetheart necklines, with a belt,body-hugging dresses"
292,30.0,43.0,34.0,37,5.5,4,Hourglass,"V or plunge V and sweetheart necklines, with a belt,body-hugging dresses"
293,36.0,36.0,36.0,38,5.01,12,Rectangle,"A-line skirts, ruffled and layered tops, Sleeveless, strapless dresses"
294,27.0,37.0,32.0,36,5.08,4,Hourglass,"V or plunge V and sweetheart necklines, with a belt,body-hugging dresses"
295,28.0,38.0,34.0,34,5.02,8,Hourglass,"V or plunge V and sweetheart necklines, with a belt,body-hugging dresses"
296,29.0,38.0,32.0,35,5.5,12,Rectangle,"A-line skirts, ruffled and layered tops, Sleeveless, strapless dresses"
297,33.0,42.0,38.0,41,5.1,15,Rectangle,"A-line skirts, ruffled and layered tops, Sleeveless, strapless dresses"
298,29.0,35.0,32.0,34,5.02,4,Rectangle,"A-line skirts, ruffled and layered tops, Sleeveless, strapless dresses"
299,29.0,38.0,32.0,34,5.02,4,,
300,34.0,47.0,36.0,39,5.02,15,Hourglass,"V or plunge V and sweetheart necklines, with a belt,body-hugging dresses"
301,31.0,41.0,38.0,40,5.08,12,Hourglass,"V or plunge V and sweetheart necklines, with a belt,body-hugging dresses"
302,36.0,47.0,38.0,55,5.08,26,Hourglass,"V or plunge V and sweetheart necklines, with a belt,body-hugging dresses"
303,49.0,52.0,40.0,50,5.06,26,Rectangle,"A-line skirts, ruffled and layered tops, Sleeveless, strapless dresses"
304,31.0,40.0,38.0,40,5.08,12,Hourglass,"V or plunge V and sweetheart necklines, with a belt,body-hugging dresses"
305,34.0,41.0,36.0,36,5.09,12,,
306,28.0,38.0,30.0,35,5.04,4,Hourglass,"V or plunge V and sweetheart necklines, with a belt,body-hugging dresses"
307,33.0,43.0,36.0,36,5.5,12,Hourglass,"V or plunge V and sweetheart necklines, with a belt,body-hugging dresses"
308,27.0,41.0,34.0,37,5.04,8,Hourglass,"V or plunge V and sweetheart necklines, with a belt,body-hugging dresses"
309,30.0,36.0,34.0,34,5.07,12,Rectangle,"A-line skirts, ruffled and layered tops, Sleeveless, strapless dresses"
310,38.0,52.0,40.0,46,5.06,26,Hourglass,"V or plunge V and sweetheart necklines, with a belt,body-hugging dresses"
311,26.0,36.0,32.0,32,5.5,1,Hourglass,"V or plunge V and sweetheart necklines, with a belt,body-hugging dresses"
312,27.0,36.0,32.0,32,5.06,4,,
313,35.0,41.0,32.0,42,5.5,15,Rectangle,"A-line skirts, ruffled and layered tops, Sleeveless, strapless dresses"
314,35.0,46.0,36.0,37,5.5,12,Hourglass,"V or plunge V and sweetheart necklines, with a belt,body-hugging dresses"
315,38.0,43.0,38.0,41,5.06,8,Rectangle,"A-line skirts, ruffled and layered tops, Sleeveless, strapless dresses"
316,28.0,39.0,34.0,34,5.06,8,Hourglass,"V or plunge V and sweetheart necklines, with a belt,body-hugging dresses"
317,30.0,40.0,36.0,35,5.04,8,Hourglass,"V or plunge V and sweetheart necklines, with a belt,body-hugging dresses"
318,37.0,45.0,38.0,41,5.1,20,,
319,29.0,41.0,32.0,34,5.1,12,Hourglass,"V or plunge V and sweetheart necklines, with a belt,body-hugging dresses"
320,38.0,47.0,38.0,46,5.07,20,Rectangle,"A-line skirts, ruffled and layered tops, Sleeveless, strapless dresses"
321,29.0,36.0,32.0,34,5.5,1,Rectangle,"A-line skirts, ruffled and layered tops, Sleeveless, strapless dresses"
322,38.0,47.0,38.0,46,5.07,20,Rectangle,"A-line skirts, ruffled and layered tops, Sleeveless, strapless dresses"
323,29.0,37.0,34.0,34,5.07,4,Rectangle,"A-line skirts, ruffled and layered tops, Sleeveless, strapless dresses"
324,29.0,36.0,34.0,34,5.03,8,Rectangle,"A-line skirts, ruffled and layered tops, Sleeveless, strapless dresses"
325,40.0,55.0,36.0,45,5.07,20,Hourglass,"V or plunge V and sweetheart necklines, with a belt,body-hugging dresses"
326,29.0,41.0,32.0,34,5.1,8,Hourglass,"V or plunge V and sweetheart necklines, with a belt,body-hugging dresses"
327,40.0,52.0,30.0,45,5.5,15,Hourglass,"V or plunge V and sweetheart necklines, with a belt,body-hugging dresses"
328,31.0,44.0,36.0,40,5.01,8,Hourglass,"V or plunge V and sweetheart necklines, with a belt,body-hugging dresses"
329,25.0,36.0,32.0,32,5.02,4,Hourglass,"V or plunge V and sweetheart necklines, with a belt,body-hugging dresses"
330,30.0,40.0,36.0,39,5.1,8,Hourglass,"V or plunge V and sweetheart necklines, with a belt,body-hugging dresses"
331,30.0,39.0,36.0,37,5.08,12,Rectangle,"A-line skirts, ruffled and layered tops, Sleeveless, strapless dresses"
332,30.0,40.0,36.0,39,5.1,12,Hourglass,"V or plunge V and sweetheart necklines, with a belt,body-hugging dresses"
333,30.0,39.0,36.0,36,5.03,8,Rectangle,"A-line skirts, ruffled and layered tops, Sleeveless, strapless dresses"
334,30.0,42.0,36.0,37,5.09,12,Hourglass,"V or plunge V and sweetheart necklines, with a belt,body-hugging dresses"
335,37.0,52.0,42.0,45,5.1,12,Hourglass,"V or plunge V and sweetheart necklines, with a belt,body-hugging dresses"
336,32.0,41.0,36.0,39,5.03,12,Rectangle,"A-line skirts, ruffled and layered tops, Sleeveless, strapless dresses"
337,32.0,35.0,36.0,36,5.5,12,Rectangle,"A-line skirts, ruffled and layered tops, Sleeveless, strapless dresses"
338,37.0,45.0,38.0,41,5.1,20,,
339,29.0,36.0,30.0,39,5.01,12,,
340,29.0,36.0,30.0,39,5.01,12,,
341,28.0,36.0,36.0,36,5.04,12,Rectangle,"A-line skirts, ruffled and layered tops, Sleeveless, strapless dresses"
342,25.0,33.0,32.0,32,4.11,1,Rectangle,"A-line skirts, ruffled and layered tops, Sleeveless, strapless dresses"
343,25.0,35.0,32.0,34,5.09,4,Hourglass,"V or plunge V and sweetheart necklines, with a belt,body-hugging dresses"
344,37.0,52.0,42.0,45,5.11,15,Hourglass,"V or plunge V and sweetheart necklines, with a belt,body-hugging dresses"
345,32.0,48.0,36.0,39,5.02,15,Hourglass,"V or plunge V and sweetheart necklines, with a belt,body-hugging dresses"
346,30.0,36.0,34.0,39,5.0,12,,
347,27.0,34.0,34.0,34,5.06,4,Rectangle,"A-line skirts, ruffled and layered tops, Sleeveless, strapless dresses"
348,29.0,41.0,32.0,34,5.1,8,Hourglass,"V or plunge V and sweetheart necklines, with a belt,body-hugging dresses"
349,40.0,46.0,38.0,44,5.02,26,Rectangle,"A-line skirts, ruffled and layered tops, Sleeveless, strapless dresses"
350,26.0,35.0,34.0,34,5.01,4,Rectangle,"A-line skirts, ruffled and layered tops, Sleeveless, strapless dresses"
351,28.0,39.0,36.0,36,5.5,8,Hourglass,"V or plunge V and sweetheart necklines, with a belt,body-hugging dresses"
352,31.0,38.0,36.0,36,5.5,12,Rectangle,"A-line skirts, ruffled and layered tops, Sleeveless, strapless dresses"
353,28.0,36.0,34.0,35,5.1,8,Rectangle,"A-line skirts, ruffled and layered tops, Sleeveless, strapless dresses"
354,28.0,39.0,36.0,36,5.5,8,Hourglass,"V or plunge V and sweetheart necklines, with a belt,body-hugging dresses"
355,25.0,33.0,32.0,32,4.11,1,Rectangle,"A-line skirts, ruffled and layered tops, Sleeveless, strapless dresses"
356,44.0,47.0,40.0,48,5.01,20,Rectangle,"A-line skirts, ruffled and layered tops, Sleeveless, strapless dresses"
357,30.0,36.0,34.0,39,5.0,7,,
358,29.0,41.0,36.0,36,5.08,8,Hourglass,"V or plunge V and sweetheart necklines, with a belt,body-hugging dresses"
359,31.0,44.0,38.0,38,5.1,12,Hourglass,"V or plunge V and sweetheart necklines, with a belt,body-hugging dresses"
360,34.0,43.0,38.0,41,5.08,15,Rectangle,"A-line skirts, ruffled and layered tops, Sleeveless, strapless dresses"
361,29.0,39.0,36.0,36,5.5,8,Hourglass,"V or plunge V and sweetheart necklines, with a belt,body-hugging dresses"
362,30.0,36.0,34.0,39,5.0,12,,
363,29.0,40.0,34.0,38,5.08,8,Hourglass,"V or plunge V and sweetheart necklines, with a belt,body-hugging dresses"
364,30.0,36.0,34.0,39,5.0,7,,
365,28.0,34.0,36.0,36,5.03,8,Rectangle,"A-line skirts, ruffled and layered tops, Sleeveless, strapless dresses"
366,30.0,42.0,36.0,36,5.5,8,Hourglass,"V or plunge V and sweetheart necklines, with a belt,body-hugging dresses"
367,30.0,35.0,38.0,38,5.03,12,Rectangle,"A-line skirts, ruffled and layered tops, Sleeveless, strapless dresses"
368,27.0,37.0,32.0,34,5.06,4,Hourglass,"V or plunge V and sweetheart necklines, with a belt,body-hugging dresses"
369,37.0,42.0,34.0,36,5.5,12,,
370,29.0,38.0,34.0,37,5.01,4,Rectangle,"A-line skirts, ruffled and layered tops, Sleeveless, strapless dresses"
371,30.0,40.0,34.0,37,5.09,12,Hourglass,"V or plunge V and sweetheart necklines, with a belt,body-hugging dresses"
372,29.0,36.0,30.0,39,5.01,8,,
373,30.0,40.0,38.0,38,5.07,15,Hourglass,"V or plunge V and sweetheart necklines, with a belt,body-hugging dresses"
374,37.0,47.0,38.0,43,5.09,15,Hourglass,"V or plunge V and sweetheart necklines, with a belt,body-hugging dresses"
375,26.0,37.0,30.0,34,5.03,4,Hourglass,"V or plunge V and sweetheart necklines, with a belt,body-hugging dresses"
376,28.0,44.0,32.0,37,5.08,8,Hourglass,"V or plunge V and sweetheart necklines, with a belt,body-hugging dresses"
377,29.0,38.0,32.0,38,5.04,4,Hourglass,"V or plunge V and sweetheart necklines, with a belt,body-hugging dresses"
378,33.0,43.0,36.0,40,5.08,12,Hourglass,"V or plunge V and sweetheart necklines, with a belt,body-hugging dresses"
379,39.0,49.0,38.0,44,5.06,15,Hourglass,"V or plunge V and sweetheart necklines, with a belt,body-hugging dresses"
380,31.0,38.0,34.0,37,5.07,8,Rectangle,"A-line skirts, ruffled and layered tops, Sleeveless, strapless dresses"
381,34.0,47.0,38.0,38,5.03,15,Hourglass,"V or plunge V and sweetheart necklines, with a belt,body-hugging dresses"
382,32.0,43.0,38.0,39,5.06,12,Hourglass,"V or plunge V and sweetheart necklines, with a belt,body-hugging dresses"
383,31.0,42.0,38.0,40,5.11,20,Hourglass,"V or plunge V and sweetheart necklines, with a belt,body-hugging dresses"
384,31.0,44.0,38.0,38,5.1,12,Hourglass,"V or plunge V and sweetheart necklines, with a belt,body-hugging dresses"
385,30.0,36.0,34.0,39,5.0,8,,
386,27.0,34.0,34.0,34,5.01,1,Rectangle,"A-line skirts, ruffled and layered tops, Sleeveless, strapless dresses"
387,28.0,36.0,32.0,35,5.08,4,Rectangle,"A-line skirts, ruffled and layered tops, Sleeveless, strapless dresses"
388,27.0,35.0,34.0,34,5.01,1,Rectangle,"A-line skirts, ruffled and layered tops, Sleeveless, strapless dresses"
389,28.0,39.0,36.0,36,5.5,8,Hourglass,"V or plunge V and sweetheart necklines, with a belt,body-hugging dresses"
390,31.0,41.0,36.0,36,6.1,12,Hourglass,"V or plunge V and sweetheart necklines, with a belt,body-hugging dresses"
391,40.0,45.0,38.0,44,5.04,15,Rectangle,"A-line skirts, ruffled and layered tops, Sleeveless, strapless dresses"
392,50.0,60.0,46.0,56,5.5,38,Hourglass,"V or plunge V and sweetheart necklines, with a belt,body-hugging dresses"
393,28.0,39.0,36.0,36,5.5,8,Hourglass,"V or plunge V and sweetheart necklines, with a belt,body-hugging dresses"
394,28.0,36.0,34.0,35,5.1,8,Rectangle,"A-line skirts, ruffled and layered tops, Sleeveless, strapless dresses"
395,32.0,40.0,32.0,39,5.03,8,Rectangle,"A-line skirts, ruffled and layered tops, Sleeveless, strapless dresses"
396,30.0,36.0,34.0,39,5.0,9,,
397,28.0,39.0,36.0,36,5.5,8,Hourglass,"V or plunge V and sweetheart necklines, with a belt,body-hugging dresses"
398,29.0,41.0,32.0,34,5.1,8,Hourglass,"V or plunge V and sweetheart necklines, with a belt,body-hugging dresses"
399,28.0,41.0,34.0,34,5.07,12,Hourglass,"V or plunge V and sweetheart necklines, with a belt,body-hugging dresses"
400,29.0,35.0,30.0,37,5.01,1,Rectangle,"A-line skirts, ruffled and layered tops, Sleeveless, strapless dresses"
401,34.0,42.0,38.0,42,5.07,12,Rectangle,"A-line skirts, ruffled and layered tops, Sleeveless, strapless dresses"
402,40.0,45.0,38.0,45,5.02,15,Rectangle,"A-line skirts, ruffled and layered tops, Sleeveless, strapless dresses"
403,32.0,48.0,36.0,39,5.02,15,Hourglass,"V or plunge V and sweetheart necklines, with a belt,body-hugging dresses"
404,26.0,33.0,34.0,32,5.09,8,Rectangle,"A-line skirts, ruffled and layered tops, Sleeveless, strapless dresses"
405,36.0,52.0,38.0,48,6.0,26,Hourglass,"V or plunge V and sweetheart necklines, with a belt,body-hugging dresses"
406,41.0,55.0,40.0,47,5.08,20,Hourglass,"V or plunge V and sweetheart necklines, with a belt,body-hugging dresses"
407,29.0,39.0,30.0,37,5.01,8,Hourglass,"V or plunge V and sweetheart necklines, with a belt,body-hugging dresses"
408,30.0,42.0,36.0,36,5.5,8,Hourglass,"V or plunge V and sweetheart necklines, with a belt,body-hugging dresses"
409,24.0,36.0,32.0,32,5.5,1,Hourglass,"V or plunge V and sweetheart necklines, with a belt,body-hugging dresses"
410,26.0,36.0,32.0,32,5.5,1,Hourglass,"V or plunge V and sweetheart necklines, with a belt,body-hugging dresses"
411,26.0,37.0,32.0,34,5.03,8,Hourglass,"V or plunge V and sweetheart necklines, with a belt,body-hugging dresses"
412,38.0,47.0,38.0,46,5.07,20,Rectangle,"A-line skirts, ruffled and layered tops, Sleeveless, strapless dresses"
413,30.0,40.0,36.0,39,5.1,4,Hourglass,"V or plunge V and sweetheart necklines, with a belt,body-hugging dresses"
414,28.0,44.0,32.0,37,5.08,8,Hourglass,"V or plunge V and sweetheart necklines, with a belt,body-hugging dresses"
415,27.0,37.0,34.0,34,5.07,4,Hourglass,"V or plunge V and sweetheart necklines, with a belt,body-hugging dresses"
416,30.0,34.0,34.0,36,5.1,8,Rectangle,"A-line skirts, ruffled and layered tops, Sleeveless, strapless dresses"
417,35.0,47.0,38.0,44,5.04,15,Hourglass,"V or plunge V and sweetheart necklines, with a belt,body-hugging dresses"
418,35.0,42.0,34.0,40,5.07,15,Rectangle,"A-line skirts, ruffled and layered tops, Sleeveless, strapless dresses"
419,35.0,42.0,34.0,40,5.07,15,Rectangle,"A-line skirts, ruffled and layered tops, Sleeveless, strapless dresses"
420,40.0,50.0,38.0,45,5.08,26,Hourglass,"V or plunge V and sweetheart necklines, with a belt,body-hugging dresses"
421,26.0,32.0,32.0,34,5.02,1,Rectangle,"A-line skirts, ruffled and layered tops, Sleeveless, strapless dresses"
422,30.0,39.0,38.0,36,5.09,12,Rectangle,"A-line skirts, ruffled and layered tops, Sleeveless, strapless dresses"
423,35.0,41.0,32.0,42,5.5,15,Rectangle,"A-line skirts, ruffled and layered tops, Sleeveless, strapless dresses"
424,29.0,40.0,34.0,34,5.02,8,Hourglass,"V or plunge V and sweetheart necklines, with a belt,body-hugging dresses"
425,27.0,38.0,34.0,34,5.03,8,Hourglass,"V or plunge V and sweetheart necklines, with a belt,body-hugging dresses"
426,30.0,42.0,36.0,36,5.5,8,Hourglass,"V or plunge V and sweetheart necklines, with a belt,body-hugging dresses"
427,27.0,34.0,32.0,35,5.06,8,Rectangle,"A-line skirts, ruffled and layered tops, Sleeveless, strapless dresses"
428,36.0,43.0,36.0,36,5.5,12,,
429,29.0,41.0,32.0,34,5.1,8,Hourglass,"V or plunge V and sweetheart necklines, with a belt,body-hugging dresses"
430,39.0,49.0,38.0,44,5.06,20,Hourglass,"V or plunge V and sweetheart necklines, with a belt,body-hugging dresses"
431,28.0,40.0,34.0,34,5.07,8,Hourglass,"V or plunge V and sweetheart necklines, with a belt,body-hugging dresses"
432,31.0,39.0,36.0,35,5.02,8,,
433,37.0,45.0,38.0,41,5.1,20,,
434,35.0,41.0,32.0,42,5.5,15,Rectangle,"A-line skirts, ruffled and layered tops, Sleeveless, strapless dresses"
435,28.0,42.0,32.0,34,5.06,8,Hourglass,"V or plunge V and sweetheart necklines, with a belt,body-hugging dresses"
436,24.0,36.0,32.0,32,5.5,1,Hourglass,"V or plunge V and sweetheart necklines, with a belt,body-hugging dresses"
437,35.0,41.0,38.0,39,5.06,12,Rectangle,"A-line skirts, ruffled and layered tops, Sleeveless, strapless dresses"
438,30.0,36.0,34.0,39,5.0,12,,
439,27.0,37.0,32.0,36,5.08,4,Hourglass,"V or plunge V and sweetheart necklines, with a belt,body-hugging dresses"
440,28.0,38.0,30.0,35,5.04,8,Hourglass,"V or plunge V and sweetheart necklines, with a belt,body-hugging dresses"
441,36.0,44.0,36.0,41,5.03,15,Rectangle,"A-line skirts, ruffled and layered tops, Sleeveless, strapless dresses"
442,36.0,42.0,40.0,40,5.5,20,Rectangle,"A-line skirts, ruffled and layered tops, Sleeveless, strapless dresses"
443,26.0,38.0,32.0,34,5.1,4,Hourglass,"V or plunge V and sweetheart necklines, with a belt,body-hugging dresses"
444,34.0,42.0,38.0,42,5.02,15,Rectangle,"A-line skirts, ruffled and layered tops, Sleeveless, strapless dresses"
445,34.0,42.0,38.0,42,5.02,15,Rectangle,"A-line skirts, ruffled and layered tops, Sleeveless, strapless dresses"
446,27.0,37.0,32.0,36,5.08,4,Hourglass,"V or plunge V and sweetheart necklines, with a belt,body-hugging dresses"
447,38.0,46.0,40.0,48,5.06,26,,
448,36.0,46.0,36.0,42,5.02,15,Hourglass,"V or plunge V and sweetheart necklines, with a belt,body-hugging dresses"
449,29.0,38.0,36.0,37,5.02,8,Rectangle,"A-line skirts, ruffled and layered tops, Sleeveless, strapless dresses"
450,27.0,38.0,34.0,34,5.03,1,Hourglass,"V or plunge V and sweetheart necklines, with a belt,body-hugging dresses"
451,30.0,40.0,34.0,37,5.09,12,Hourglass,"V or plunge V and sweetheart necklines, with a belt,body-hugging dresses"
452,44.0,50.0,44.0,52,5.07,32,Rectangle,"A-line skirts, ruffled and layered tops, Sleeveless, strapless dresses"
453,30.0,40.0,34.0,37,5.09,12,Hourglass,"V or plunge V and sweetheart necklines, with a belt,body-hugging dresses"
454,28.0,36.0,36.0,36,5.04,8,Rectangle,"A-line skirts, ruffled and layered tops, Sleeveless, strapless dresses"
455,30.0,36.0,34.0,39,5.0,12,,
456,34.0,42.0,38.0,42,5.02,15,Rectangle,"A-line skirts, ruffled and layered tops, Sleeveless, strapless dresses"
457,30.0,41.0,34.0,36,5.04,8,Hourglass,"V or plunge V and sweetheart necklines, with a belt,body-hugging dresses"
458,32.0,38.0,36.0,40,5.02,12,Rectangle,"A-line skirts, ruffled and layered tops, Sleeveless, strapless dresses"
459,25.0,35.0,32.0,33,5.0,1,Hourglass,"V or plunge V and sweetheart necklines, with a belt,body-hugging dresses"
460,27.0,37.0,32.0,36,5.08,4,Hourglass,"V or plunge V and sweetheart necklines, with a belt,body-hugging dresses"
461,36.0,46.0,36.0,42,5.02,15,Hourglass,"V or plunge V and sweetheart necklines, with a belt,body-hugging dresses"
462,40.0,50.0,38.0,45,5.08,32,Hourglass,"V or plunge V and sweetheart necklines, with a belt,body-hugging dresses"
463,34.0,42.0,38.0,42,5.07,12,Rectangle,"A-line skirts, ruffled and layered tops, Sleeveless, strapless dresses"
464,28.0,38.0,30.0,35,5.04,8,Hourglass,"V or plunge V and sweetheart necklines, with a belt,body-hugging dresses"
465,30.0,40.0,34.0,37,5.09,8,Hourglass,"V or plunge V and sweetheart necklines, with a belt,body-hugging dresses"
466,29.0,38.0,34.0,37,5.03,8,Rectangle,"A-line skirts, ruffled and layered tops, Sleeveless, strapless dresses"
467,38.0,48.0,40.0,44,5.06,15,Hourglass,"V or plunge V and sweetheart necklines, with a belt,body-hugging dresses"
468,26.0,35.0,32.0,33,5.04,4,Rectangle,"A-line skirts, ruffled and layered tops, Sleeveless, strapless dresses"
469,31.0,38.0,36.0,36,5.5,12,Rectangle,"A-line skirts, ruffled and layered tops, Sleeveless, strapless dresses"
470,31.0,39.0,36.0,35,5.02,8,,
471,36.0,44.0,36.0,41,5.03,15,Rectangle,"A-line skirts, ruffled and layered tops, Sleeveless, strapless dresses"
472,40.0,47.0,44.0,44,5.04,20,Rectangle,"A-line skirts, ruffled and layered tops, Sleeveless, strapless dresses"
473,30.0,36.0,34.0,39,5.0,8,,
474,31.0,39.0,36.0,35,5.02,8,,
475,31.0,39.0,36.0,35,5.02,8,,
476,35.0,41.0,38.0,39,5.06,12,Rectangle,"A-line skirts, ruffled and layered tops, Sleeveless, strapless dresses"
477,33.0,44.0,38.0,36,5.04,12,Hourglass,"V or plunge V and sweetheart necklines, with a belt,body-hugging dresses"
478,34.0,42.0,38.0,43,5.07,15,Hourglass,"V or plunge V and sweetheart necklines, with a belt,body-hugging dresses"
479,30.0,36.0,34.0,39,5.0,8,,
480,25.0,34.0,32.0,33,5.01,1,Rectangle,"A-line skirts, ruffled and layered tops, Sleeveless, strapless dresses"
481,33.0,42.0,36.0,42,5.04,20,Hourglass,"V or plunge V and sweetheart necklines, with a belt,body-hugging dresses"
482,44.0,55.0,44.0,49,5.1,26,Hourglass,"V or plunge V and sweetheart necklines, with a belt,body-hugging dresses"
483,28.0,38.0,30.0,35,5.04,4,Hourglass,"V or plunge V and sweetheart necklines, with a belt,body-hugging dresses"
484,24.0,34.0,30.0,44,5.02,1,Hourglass,"V or plunge V and sweetheart necklines, with a belt,body-hugging dresses"
485,31.0,39.0,36.0,35,5.02,4,,
486,31.0,36.0,34.0,36,5.04,8,Rectangle,"A-line skirts, ruffled and layered tops, Sleeveless, strapless dresses"
487,29.0,41.0,32.0,34,5.1,8,Hourglass,"V or plunge V and sweetheart necklines, with a belt,body-hugging dresses"
488,30.0,36.0,34.0,39,5.0,12,,
489,30.0,36.0,34.0,39,5.0,12,,
490,40.0,47.0,44.0,44,5.04,20,Rectangle,"A-line skirts, ruffled and layered tops, Sleeveless, strapless dresses"
491,31.0,41.0,36.0,36,5.04,8,Hourglass,"V or plunge V and sweetheart necklines, with a belt,body-hugging dresses"
492,36.0,45.0,40.0,43,5.03,15,Rectangle,"A-line skirts, ruffled and layered tops, Sleeveless, strapless dresses"
493,28.0,41.0,34.0,34,5.07,12,Hourglass,"V or plunge V and sweetheart necklines, with a belt,body-hugging dresses"
494,27.0,37.0,32.0,36,5.08,4,Hourglass,"V or plunge V and sweetheart necklines, with a belt,body-hugging dresses"
495,29.0,43.0,36.0,37,5.08,12,Hourglass,"V or plunge V and sweetheart necklines, with a belt,body-hugging dresses"
496,32.0,43.0,38.0,39,5.06,12,Hourglass,"V or plunge V and sweetheart necklines, with a belt,body-hugging dresses"
497,28.0,38.0,30.0,35,5.04,8,Hourglass,"V or plunge V and sweetheart necklines, with a belt,body-hugging dresses"
498,27.0,37.0,32.0,36,5.08,4,Hourglass,"V or plunge V and sweetheart necklines, with a belt,body-hugging dresses"
499,40.0,42.0,38.0,38,5.03,15,,
500,27.0,38.0,34.0,34,5.03,4,Hourglass,"V or plunge V and sweetheart necklines, with a belt,body-hugging dresses"
501,29.0,40.0,32.0,39,5.02,12,Hourglass,"V or plunge V and sweetheart necklines, with a belt,body-hugging dresses"
502,30.0,36.0,34.0,39,5.0,12,,
503,30.0,36.0,34.0,39,5.0,8,,
504,26.0,36.0,32.0,32,5.5,1,Hourglass,"V or plunge V and sweetheart necklines, with a belt,body-hugging dresses"
505,40.0,42.0,42.0,42,5.08,8,Rectangle,"A-line skirts, ruffled and layered tops, Sleeveless, strapless dresses"
506,38.0,42.0,40.0,44,5.09,20,Rectangle,"A-line skirts, ruffled and layered tops, Sleeveless, strapless dresses"
507,27.0,36.0,32.0,34,5.04,1,Rectangle,"A-line skirts, ruffled and layered tops, Sleeveless, strapless dresses"
508,36.0,48.0,36.0,39,5.11,15,Hourglass,"V or plunge V and sweetheart necklines, with a belt,body-hugging dresses"
509,31.0,39.0,36.0,39,5.03,8,Rectangle,"A-line skirts, ruffled and layered tops, Sleeveless, strapless dresses"
510,28.0,41.0,34.0,34,5.07,8,Hourglass,"V or plunge V and sweetheart necklines, with a belt,body-hugging dresses"
511,32.0,38.0,34.0,39,5.04,12,Rectangle,"A-line skirts, ruffled and layered tops, Sleeveless, strapless dresses"
512,35.0,46.0,36.0,42,5.06,12,Hourglass,"V or plunge V and sweetheart necklines, with a belt,body-hugging dresses"
513,33.0,43.0,36.0,40,5.08,12,Hourglass,"V or plunge V and sweetheart necklines, with a belt,body-hugging dresses"
514,42.0,50.0,38.0,48,5.02,20,Rectangle,"A-line skirts, ruffled and layered tops, Sleeveless, strapless dresses"
515,28.0,44.0,32.0,37,5.08,8,Hourglass,"V or plunge V and sweetheart necklines, with a belt,body-hugging dresses"
516,25.0,37.0,34.0,32,5.04,4,Hourglass,"V or plunge V and sweetheart necklines, with a belt,body-hugging dresses"
517,37.0,45.0,38.0,41,5.1,20,,
518,31.0,38.0,36.0,36,5.5,12,Rectangle,"A-line skirts, ruffled and layered tops, Sleeveless, strapless dresses"
519,31.0,40.0,32.0,40,5.04,8,Hourglass,"V or plunge V and sweetheart necklines, with a belt,body-hugging dresses"
520,36.0,42.0,40.0,40,5.5,20,Rectangle,"A-line skirts, ruffled and layered tops, Sleeveless, strapless dresses"
521,28.0,44.0,32.0,37,5.08,8,Hourglass,"V or plunge V and sweetheart necklines, with a belt,body-hugging dresses"
522,29.0,41.0,34.0,41,5.06,12,Hourglass,"V or plunge V and sweetheart necklines, with a belt,body-hugging dresses"
523,29.0,41.0,32.0,34,5.1,8,Hourglass,"V or plunge V and sweetheart necklines, with a belt,body-hugging dresses"
524,28.0,39.0,34.0,34,5.08,8,Hourglass,"V or plunge V and sweetheart necklines, with a belt,body-hugging dresses"
525,35.0,41.0,32.0,42,5.5,15,Rectangle,"A-line skirts, ruffled and layered tops, Sleeveless, strapless dresses"
526,23.0,34.0,34.0,32,5.01,4,Hourglass,"V or plunge V and sweetheart necklines, with a belt,body-hugging dresses"
527,31.0,40.0,36.0,38,5.5,12,Rectangle,"A-line skirts, ruffled and layered tops, Sleeveless, strapless dresses"
528,38.0,48.0,38.0,44,5.06,20,Hourglass,"V or plunge V and sweetheart necklines, with a belt,body-hugging dresses"
529,28.0,36.0,34.0,35,5.1,8,Rectangle,"A-line skirts, ruffled and layered tops, Sleeveless, strapless dresses"
530,30.0,41.0,34.0,34,5.07,12,Hourglass,"V or plunge V and sweetheart necklines, with a belt,body-hugging dresses"
531,28.0,34.0,30.0,32,5.03,8,Rectangle,"A-line skirts, ruffled and layered tops, Sleeveless, strapless dresses"
532,32.0,48.0,36.0,39,5.02,15,Hourglass,"V or plunge V and sweetheart necklines, with a belt,body-hugging dresses"
533,28.0,38.0,34.0,37,5.04,8,Hourglass,"V or plunge V and sweetheart necklines, with a belt,body-hugging dresses"
534,39.0,44.0,34.0,40,5.04,15,,
535,26.0,37.0,32.0,36,5.04,8,Hourglass,"V or plunge V and sweetheart necklines, with a belt,body-hugging dresses"
536,29.0,39.0,36.0,36,5.5,8,Hourglass,"V or plunge V and sweetheart necklines, with a belt,body-hugging dresses"
537,30.0,42.0,36.0,36,5.5,10,Hourglass,"V or plunge V and sweetheart necklines, with a belt,body-hugging dresses"
538,26.0,37.0,34.0,32,5.5,4,Hourglass,"V or plunge V and sweetheart necklines, with a belt,body-hugging dresses"
539,35.0,47.0,38.0,44,5.04,20,Hourglass,"V or plunge V and sweetheart necklines, with a belt,body-hugging dresses"
540,35.0,41.0,38.0,39,5.06,15,Rectangle,"A-line skirts, ruffled and layered tops, Sleeveless, strapless dresses"
541,28.0,42.0,34.0,37,5.11,8,Hourglass,"V or plunge V and sweetheart necklines, with a belt,body-hugging dresses"
542,31.0,40.0,34.0,37,5.5,8,Rectangle,"A-line skirts, ruffled and layered tops, Sleeveless, strapless dresses"
543,40.0,52.0,42.0,47,5.5,26,Hourglass,"V or plunge V and sweetheart necklines, with a belt,body-hugging dresses"
544,28.0,38.0,34.0,34,5.07,4,Hourglass,"V or plunge V and sweetheart necklines, with a belt,body-hugging dresses"
545,27.0,35.0,34.0,34,5.01,1,Rectangle,"A-line skirts, ruffled and layered tops, Sleeveless, strapless dresses"
546,30.0,40.0,36.0,39,5.1,12,Hourglass,"V or plunge V and sweetheart necklines, with a belt,body-hugging dresses"
547,26.0,35.0,32.0,33,5.04,4,Rectangle,"A-line skirts, ruffled and layered tops, Sleeveless, strapless dresses"
548,25.0,36.0,32.0,32,5.02,8,Hourglass,"V or plunge V and sweetheart necklines, with a belt,body-hugging dresses"
549,28.0,39.0,34.0,35,5.07,9,Hourglass,"V or plunge V and sweetheart necklines, with a belt,body-hugging dresses"
550,26.0,35.0,32.0,32,5.03,4,Rectangle,"A-line skirts, ruffled and layered tops, Sleeveless, strapless dresses"
551,28.0,38.0,34.0,34,5.04,8,Hourglass,"V or plunge V and sweetheart necklines, with a belt,body-hugging dresses"
552,41.0,49.0,40.0,42,4.9,26,,
553,37.0,45.0,38.0,47,5.0,26,,
554,28.0,38.0,30.0,35,5.04,8,Hourglass,"V or plunge V and sweetheart necklines, with a belt,body-hugging dresses"
555,27.0,38.0,32.0,32,5.06,8,Hourglass,"V or plunge V and sweetheart necklines, with a belt,body-hugging dresses"
556,31.0,40.0,36.0,38,5.5,12,Rectangle,"A-line skirts, ruffled and layered tops, Sleeveless, strapless dresses"
557,36.0,42.0,38.0,44,5.03,15,Rectangle,"A-line skirts, ruffled and layered tops, Sleeveless, strapless dresses"
558,31.0,37.0,36.0,36,5.04,8,Rectangle,"A-line skirts, ruffled and layered tops, Sleeveless, strapless dresses"
559,38.0,47.0,40.0,46,5.06,26,Rectangle,"A-line skirts, ruffled and layered tops, Sleeveless, strapless dresses"
560,44.0,52.0,42.0,50,5.09,26,Rectangle,"A-line skirts, ruffled and layered tops, Sleeveless, strapless dresses"
561,24.0,35.0,32.0,30,5.02,1,Hourglass,"V or plunge V and sweetheart necklines, with a belt,body-hugging dresses"
562,25.0,30.0,34.0,32,5.04,4,Rectangle,"A-line skirts, ruffled and layered tops, Sleeveless, strapless dresses"
563,32.0,43.0,38.0,39,5.06,15,Hourglass,"V or plunge V and sweetheart necklines, with a belt,body-hugging dresses"
564,31.0,39.0,36.0,39,5.03,10,Rectangle,"A-line skirts, ruffled and layered tops, Sleeveless, strapless dresses"
565,22.0,33.0,28.0,32,5.02,1,Hourglass,"V or plunge V and sweetheart necklines, with a belt,body-hugging dresses"
566,31.0,37.0,36.0,36,5.04,8,Rectangle,"A-line skirts, ruffled and layered tops, Sleeveless, strapless dresses"
567,26.0,34.0,32.0,32,5.03,1,Rectangle,"A-line skirts, ruffled and layered tops, Sleeveless, strapless dresses"
568,32.0,38.0,34.0,39,5.04,8,Rectangle,"A-line skirts, ruffled and layered tops, Sleeveless, strapless dresses"
569,31.0,38.0,34.0,34,5.04,12,,
570,29.0,41.0,32.0,34,5.5,8,Hourglass,"V or plunge V and sweetheart necklines, with a belt,body-hugging dresses"
571,28.0,39.0,36.0,36,5.5,8,Hourglass,"V or plunge V and sweetheart necklines, with a belt,body-hugging dresses"
572,33.0,47.0,36.0,42,5.07,15,Hourglass,"V or plunge V and sweetheart necklines, with a belt,body-hugging dresses"
573,35.0,42.0,34.0,40,5.07,15,Rectangle,"A-line skirts, ruffled and layered tops, Sleeveless, strapless dresses"
574,28.0,39.0,36.0,36,5.5,8,Hourglass,"V or plunge V and sweetheart necklines, with a belt,body-hugging dresses"
575,26.0,35.0,30.0,30,5.02,4,,
576,29.0,38.0,32.0,32,5.07,12,,
577,40.0,49.0,38.0,49,5.08,26,Hourglass,"V or plunge V and sweetheart necklines, with a belt,body-hugging dresses"
578,28.0,36.0,32.0,35,5.08,8,Rectangle,"A-line skirts, ruffled and layered tops, Sleeveless, strapless dresses"
579,33.0,42.0,36.0,42,5.08,15,Hourglass,"V or plunge V and sweetheart necklines, with a belt,body-hugging dresses"
580,30.0,42.0,36.0,37,5.09,15,Hourglass,"V or plunge V and sweetheart necklines, with a belt,body-hugging dresses"
581,35.0,42.0,34.0,40,5.07,15,Rectangle,"A-line skirts, ruffled and layered tops, Sleeveless, strapless dresses"
582,48.0,58.0,46.0,46,5.04,32,Hourglass,"V or plunge V and sweetheart necklines, with a belt,body-hugging dresses"
583,29.0,39.0,36.0,36,5.5,9,Hourglass,"V or plunge V and sweetheart necklines, with a belt,body-hugging dresses"
584,33.0,42.0,36.0,39,5.09,8,Rectangle,"A-line skirts, ruffled and layered tops, Sleeveless, strapless dresses"
585,30.0,41.0,34.0,34,5.07,12,Hourglass,"V or plunge V and sweetheart necklines, with a belt,body-hugging dresses"
586,29.0,36.0,34.0,34,5.03,8,Rectangle,"A-line skirts, ruffled and layered tops, Sleeveless, strapless dresses"
587,31.0,39.0,36.0,35,5.02,8,,
588,30.0,41.0,34.0,39,5.07,12,Hourglass,"V or plunge V and sweetheart necklines, with a belt,body-hugging dresses"
589,35.0,42.0,32.0,43,5.5,15,Rectangle,"A-line skirts, ruffled and layered tops, Sleeveless, strapless dresses"
590,31.0,37.0,36.0,40,5.07,12,,
591,30.0,40.0,38.0,38,5.07,12,Hourglass,"V or plunge V and sweetheart necklines, with a belt,body-hugging dresses"
592,27.0,38.0,32.0,32,5.06,8,Hourglass,"V or plunge V and sweetheart necklines, with a belt,body-hugging dresses"
593,35.0,41.0,32.0,43,5.5,15,Rectangle,"A-line skirts, ruffled and layered tops, Sleeveless, strapless dresses"
594,28.0,38.0,34.0,34,5.03,4,Hourglass,"V or plunge V and sweetheart necklines, with a belt,body-hugging dresses"
595,29.0,41.0,32.0,34,5.1,12,Hourglass,"V or plunge V and sweetheart necklines, with a belt,body-hugging dresses"
596,27.0,36.0,32.0,34,5.07,8,Rectangle,"A-line skirts, ruffled and layered tops, Sleeveless, strapless dresses"
597,28.0,35.0,34.0,34,5.04,6,Rectangle,"A-line skirts, ruffled and layered tops, Sleeveless, strapless dresses"
598,30.0,40.0,38.0,38,5.07,12,Hourglass,"V or plunge V and sweetheart necklines, with a belt,body-hugging dresses"
599,30.0,39.0,36.0,36,5.03,12,Rectangle,"A-line skirts, ruffled and layered tops, Sleeveless, strapless dresses"
600,30.0,40.0,34.0,38,5.02,12,Hourglass,"V or plunge V and sweetheart necklines, with a belt,body-hugging dresses"
601,28.0,44.0,32.0,37,5.08,8,Hourglass,"V or plunge V and sweetheart necklines, with a belt,body-hugging dresses"
602,30.0,40.0,38.0,38,5.07,12,Hourglass,"V or plunge V and sweetheart necklines, with a belt,body-hugging dresses"
603,26.0,36.0,34.0,34,5.01,1,Hourglass,"V or plunge V and sweetheart necklines, with a belt,body-hugging dresses"
604,30.0,40.0,38.0,41,5.08,15,Hourglass,"V or plunge V and sweetheart necklines, with a belt,body-hugging dresses"
605,34.0,42.0,38.0,38,5.1,15,,
606,30.0,39.0,36.0,36,5.03,12,Rectangle,"A-line skirts, ruffled and layered tops, Sleeveless, strapless dresses"
607,30.0,40.0,34.0,38,5.06,4,Hourglass,"V or plunge V and sweetheart necklines, with a belt,body-hugging dresses"
608,34.0,43.0,36.0,41,5.07,12,Rectangle,"A-line skirts, ruffled and layered tops, Sleeveless, strapless dresses"
609,29.0,39.0,34.0,36,5.07,8,Hourglass,"V or plunge V and sweetheart necklines, with a belt,body-hugging dresses"
610,27.0,34.0,32.0,33,5.04,4,Rectangle,"A-line skirts, ruffled and layered tops, Sleeveless, strapless dresses"
611,30.0,40.0,34.0,38,5.06,8,Hourglass,"V or plunge V and sweetheart necklines, with a belt,body-hugging dresses"
612,28.0,38.0,36.0,36,4.11,8,Hourglass,"V or plunge V and sweetheart necklines, with a belt,body-hugging dresses"
613,27.0,37.0,32.0,36,5.08,4,Hourglass,"V or plunge V and sweetheart necklines, with a belt,body-hugging dresses"
614,28.0,40.0,38.0,38,5.03,8,Hourglass,"V or plunge V and sweetheart necklines, with a belt,body-hugging dresses"
615,31.0,41.0,34.0,37,5.04,12,Hourglass,"V or plunge V and sweetheart necklines, with a belt,body-hugging dresses"
616,28.0,38.0,30.0,35,5.04,8,Hourglass,"V or plunge V and sweetheart necklines, with a belt,body-hugging dresses"
617,30.0,36.0,34.0,39,5.0,12,,
618,37.0,45.0,38.0,44,5.06,15,Rectangle,"A-line skirts, ruffled and layered tops, Sleeveless, strapless dresses"
619,27.0,37.0,32.0,36,5.08,4,Hourglass,"V or plunge V and sweetheart necklines, with a belt,body-hugging dresses"
620,27.0,38.0,34.0,34,5.03,4,Hourglass,"V or plunge V and sweetheart necklines, with a belt,body-hugging dresses"
621,30.0,40.0,34.0,37,5.09,12,Hourglass,"V or plunge V and sweetheart necklines, with a belt,body-hugging dresses"
622,27.0,36.0,34.0,34,5.06,8,Rectangle,"A-line skirts, ruffled and layered tops, Sleeveless, strapless dresses"
623,34.0,44.0,38.0,38,5.03,15,Hourglass,"V or plunge V and sweetheart necklines, with a belt,body-hugging dresses"
624,24.0,35.0,34.0,34,5.11,4,Hourglass,"V or plunge V and sweetheart necklines, with a belt,body-hugging dresses"
625,25.0,37.0,34.0,32,5.04,4,Hourglass,"V or plunge V and sweetheart necklines, with a belt,body-hugging dresses"
626,28.0,39.0,36.0,36,5.5,8,Hourglass,"V or plunge V and sweetheart necklines, with a belt,body-hugging dresses"
627,39.0,43.0,38.0,44,5.08,15,Rectangle,"A-line skirts, ruffled and layered tops, Sleeveless, strapless dresses"
628,31.0,42.0,38.0,40,5.11,15,Hourglass,"V or plunge V and sweetheart necklines, with a belt,body-hugging dresses"
629,30.0,41.0,34.0,34,5.07,15,Hourglass,"V or plunge V and sweetheart necklines, with a belt,body-hugging dresses"
630,28.0,38.0,36.0,36,4.11,8,Hourglass,"V or plunge V and sweetheart necklines, with a belt,body-hugging dresses"
631,31.0,36.0,34.0,36,5.04,8,Rectangle,"A-line skirts, ruffled and layered tops, Sleeveless, strapless dresses"
632,29.0,41.0,32.0,34,5.1,12,Hourglass,"V or plunge V and sweetheart necklines, with a belt,body-hugging dresses"
633,29.0,39.0,36.0,36,5.08,12,Hourglass,"V or plunge V and sweetheart necklines, with a belt,body-hugging dresses"
634,34.0,46.0,38.0,36,5.08,20,Hourglass,"V or plunge V and sweetheart necklines, with a belt,body-hugging dresses"
635,25.0,33.0,32.0,32,4.11,1,Rectangle,"A-line skirts, ruffled and layered tops, Sleeveless, strapless dresses"
636,27.0,39.0,34.0,35,5.07,4,Hourglass,"V or plunge V and sweetheart necklines, with a belt,body-hugging dresses"
637,26.0,35.0,32.0,32,5.03,1,Rectangle,"A-line skirts, ruffled and layered tops, Sleeveless, strapless dresses"
638,33.0,42.0,38.0,38,5.04,15,,
639,31.0,42.0,34.0,36,5.04,12,Hourglass,"V or plunge V and sweetheart necklines, with a belt,body-hugging dresses"
640,28.0,30.0,36.0,35,5.02,4,Triangle,"ruffled tops or  deep-V, scoop or boat neck dresses Wide-legged pants "
641,30.0,36.0,34.0,39,5.0,12,,
642,36.0,46.0,36.0,42,5.02,20,Hourglass,"V or plunge V and sweetheart necklines, with a belt,body-hugging dresses"
643,34.0,41.0,34.0,41,5.09,15,Rectangle,"A-line skirts, ruffled and layered tops, Sleeveless, strapless dresses"
644,38.0,45.0,42.0,52,5.06,32,Triangle,"ruffled tops or  deep-V, scoop or boat neck dresses Wide-legged pants "
645,25.0,35.0,32.0,36,5.04,1,Hourglass,"V or plunge V and sweetheart necklines, with a belt,body-hugging dresses"
646,25.0,36.0,30.0,35,5.07,4,Hourglass,"V or plunge V and sweetheart necklines, with a belt,body-hugging dresses"
647,28.0,39.0,34.0,35,5.06,8,Hourglass,"V or plunge V and sweetheart necklines, with a belt,body-hugging dresses"
648,38.0,40.0,36.0,36,5.5,12,,
649,26.0,32.0,32.0,34,5.02,1,Rectangle,"A-line skirts, ruffled and layered tops, Sleeveless, strapless dresses"
650,28.0,39.0,36.0,36,5.5,8,Hourglass,"V or plunge V and sweetheart necklines, with a belt,body-hugging dresses"
651,44.0,47.0,40.0,48,5.01,20,Rectangle,"A-line skirts, ruffled and layered tops, Sleeveless, strapless dresses"
652,26.0,36.0,34.0,34,5.06,8,Hourglass,"V or plunge V and sweetheart necklines, with a belt,body-hugging dresses"
653,45.0,44.0,38.0,45,5.07,20,Rectangle,"A-line skirts, ruffled and layered tops, Sleeveless, strapless dresses"
654,36.0,45.0,38.0,42,5.03,20,Rectangle,"A-line skirts, ruffled and layered tops, Sleeveless, strapless dresses"
655,31.0,41.0,36.0,36,5.06,12,Hourglass,"V or plunge V and sweetheart necklines, with a belt,body-hugging dresses"
656,25.0,34.0,32.0,32,5.02,8,Rectangle,"A-line skirts, ruffled and layered tops, Sleeveless, strapless dresses"
657,28.0,38.0,36.0,36,5.5,4,Hourglass,"V or plunge V and sweetheart necklines, with a belt,body-hugging dresses"
658,26.0,31.0,32.0,32,5.04,4,Rectangle,"A-line skirts, ruffled and layered tops, Sleeveless, strapless dresses"
659,32.0,42.0,34.0,38,5.09,12,Hourglass,"V or plunge V and sweetheart necklines, with a belt,body-hugging dresses"
660,23.0,36.0,28.0,36,5.04,4,Hourglass,"V or plunge V and sweetheart necklines, with a belt,body-hugging dresses"
661,28.0,40.0,28.0,34,5.06,4,Hourglass,"V or plunge V and sweetheart necklines, with a belt,body-hugging dresses"
662,35.0,48.0,38.0,42,5.09,12,Hourglass,"V or plunge V and sweetheart necklines, with a belt,body-hugging dresses"
663,26.0,36.0,32.0,33,5.09,8,Hourglass,"V or plunge V and sweetheart necklines, with a belt,body-hugging dresses"
664,32.0,39.0,36.0,38,5.04,12,Rectangle,"A-line skirts, ruffled and layered tops, Sleeveless, strapless dresses"
665,42.0,52.0,42.0,52,5.08,26,Hourglass,"V or plunge V and sweetheart necklines, with a belt,body-hugging dresses"
666,49.0,51.0,42.0,51,5.06,32,Rectangle,"A-line skirts, ruffled and layered tops, Sleeveless, strapless dresses"
667,30.0,40.0,38.0,38,5.07,12,Hourglass,"V or plunge V and sweetheart necklines, with a belt,body-hugging dresses"
668,30.0,40.0,34.0,37,5.09,12,Hourglass,"V or plunge V and sweetheart necklines, with a belt,body-hugging dresses"
669,28.0,38.0,34.0,34,5.03,8,Hourglass,"V or plunge V and sweetheart necklines, with a belt,body-hugging dresses"
670,37.0,40.0,34.0,34,5.02,20,,
671,29.0,37.0,34.0,34,5.03,8,Rectangle,"A-line skirts, ruffled and layered tops, Sleeveless, strapless dresses"
672,27.0,36.0,32.0,36,5.06,4,Hourglass,"V or plunge V and sweetheart necklines, with a belt,body-hugging dresses"
673,28.0,39.0,36.0,36,5.5,8,Hourglass,"V or plunge V and sweetheart necklines, with a belt,body-hugging dresses"
674,31.0,39.0,36.0,39,5.06,15,Rectangle,"A-line skirts, ruffled and layered tops, Sleeveless, strapless dresses"
675,36.0,42.0,38.0,44,5.03,15,Rectangle,"A-line skirts, ruffled and layered tops, Sleeveless, strapless dresses"
676,30.0,40.0,36.0,35,5.04,8,Hourglass,"V or plunge V and sweetheart necklines, with a belt,body-hugging dresses"
677,30.0,39.0,42.0,32,5.04,20,,
678,38.0,50.0,38.0,43,6.0,26,Hourglass,"V or plunge V and sweetheart necklines, with a belt,body-hugging dresses"
